2021-11-08 11:47:56.288479, xqcow, t0x1c2345, XQCL, PRIVMSG
2021-11-08 11:47:56.288593, xqcow, the_most_sane_twitch_user, Copege ITS THE GAME Copege ITS THE GAME Copege ITS THE GAME Copege ITS THE GAME Copege ITS THE GAME ó €€, PRIVMSG
2021-11-08 11:47:56.288624, xqcow, zeedannn, xQcLL, PRIVMSG
2021-11-08 11:47:56.478992, xqcow, gabag0oi, try the mp40, PRIVMSG
2021-11-08 11:47:56.479030, xqcow, fossabot, xqcL wkhearted is staying in the jungle! xqcL Thanks so much for re-subbing xqcL And continuing to support the stream! xqcL, PRIVMSG
2021-11-08 11:47:56.681826, xqcow, carryal0t, BAD = SHIT GAME OMEGALUL  BAD = SHIT GAME OMEGALUL, PRIVMSG
2021-11-08 11:47:56.867999, xqcow, 3hundredhours, 4Heed JUST CHANGE THE GUN, PRIVMSG
2021-11-08 11:47:56.868025, xqcow, gemini_00, bad cause mad, PRIVMSG
2021-11-08 11:47:56.868034, xqcow, oddpuer, lower your sens LULW, PRIVMSG
2021-11-08 11:47:57.057682, xqcow, kevin__22_, WHAT IS HE SHOOTING AT? LULW WHAT IS HE SHOOTING AT? LULW WHAT IS HE SHOOTING AT? LULW WHAT IS HE SHOOTING AT?, PRIVMSG
2021-11-08 11:47:57.057715, xqcow, gtix, excuse c OMEGALUL, PRIVMSG
2021-11-08 11:47:57.057729, xqcow, bmf_blanco, Same as every COD itâ€™s TRASH, PRIVMSG
2021-11-08 11:47:57.057741, xqcow, dzzx__, the zombie is shit, PRIVMSG
2021-11-08 11:47:57.057751, xqcow, wade_36, xqcDespair, PRIVMSG
2021-11-08 11:47:57.057760, xqcow, pepsm8, forsenCD, PRIVMSG
2021-11-08 11:47:57.057770, xqcow, kiwi_chips, kamiko3LUL, PRIVMSG
2021-11-08 11:47:57.244104, xqcow, i__carbon, !time, PRIVMSG
2021-11-08 11:47:57.244146, xqcow, ravensparade, THE GUNS ARE HISTORICALLY ACCURATE OMEGALUL @xQcOW, PRIVMSG
2021-11-08 11:47:57.244162, xqcow, wenjrl2, SUSSY AIM, PRIVMSG
2021-11-08 11:47:57.244176, xqcow, heyhowyadewin, BAD AT EVERY GAME LULW BAD AT EVERY GAME LULW BAD AT EVERY GAME LULW BAD AT EVERY GAME LULW BAD AT EVERY GAME LULW, PRIVMSG
2021-11-08 11:47:57.244192, xqcow, uhfex, just play hard core EZ just play hard core EZ just play hard core EZ just play hard core EZ just play hard core EZ just play hard core EZ just play hard core EZ just play hard core EZ just play hard core EZ just play hard core EZ just play hard core EZ just play hard core EZ, PRIVMSG
2021-11-08 11:47:57.244205, xqcow, gel0us, use a different gun, PRIVMSG
2021-11-08 11:47:57.244222, xqcow, ahbar21, GUN CONTROL OMEGALUL GUN CONTROL OMEGALUL GUN CONTROL OMEGALUL GUN CONTROL OMEGALUL GUN CONTROL OMEGALUL GUN CONTROL OMEGALUL GUN CONTROL OMEGALUL, PRIVMSG
2021-11-08 11:47:57.431117, xqcow, fossabot, @i__carbon, xQc's current local time: 02:47:57 AM (CST), PRIVMSG
2021-11-08 11:47:57.431150, xqcow, junyounggosu, you're playing too slow OMEGALUL, PRIVMSG
2021-11-08 11:47:57.618541, xqcow, vendetta_official, EXCUSE C LULW EXCUSE C LULW EXCUSE C LULW EXCUSE C LULW EXCUSE C LULW EXCUSE C LULW EXCUSE C LULW, PRIVMSG
2021-11-08 11:47:57.618585, xqcow, gderikv, CONTROLLER PagMan, PRIVMSG
2021-11-08 11:47:57.801615, xqcow, widehard0_anygifters, BAD = SHIT GAME OMEGALUL  BAD = SHIT GAME OMEGALUL  BAD = SHIT GAME OMEGALUL  BAD = SHIT GAME OMEGALUL  BAD = SHIT GAME OMEGALUL, PRIVMSG
2021-11-08 11:47:57.801657, xqcow, senpaikun, <3, PRIVMSG
2021-11-08 11:47:57.801672, xqcow, nlohugh, RANK 2 Pogu, PRIVMSG
2021-11-08 11:47:57.801686, xqcow, hotzin, M+K vs CONTROLLER OMEGALUL M+K vs CONTROLLER OMEGALUL M+K vs CONTROLLER OMEGALUL M+K vs CONTROLLER OMEGALUL M+K vs CONTROLLER OMEGALUL, PRIVMSG
2021-11-08 11:47:57.993122, xqcow, excambaw, xqcLL, PRIVMSG
2021-11-08 11:47:58.369090, xqcow, obsavage_x3, take one of their guns, PRIVMSG
2021-11-08 11:47:58.553164, xqcow, forgettrance, CRAB AIM LULW, PRIVMSG
2021-11-08 11:47:58.735709, xqcow, budmademewiser, WHERE IS HE AIMING LULW WHERE IS HE AIMING LULW WHERE IS HE AIMING LULW WHERE IS HE AIMING LULW WHERE IS HE AIMING LULW WHERE IS HE AIMING LULW WHERE IS HE AIMING LULW WHERE IS HE AIMING LULW, PRIVMSG
2021-11-08 11:47:58.735750, xqcow, uhfex, just play hard core EZ just play hard core EZ just play hard core EZ just play hard core EZ just play hard core EZ, PRIVMSG
2021-11-08 11:47:58.935181, xqcow, peniparker, SO BAD OMEGALUL, PRIVMSG
2021-11-08 11:47:58.935221, xqcow, coppersnake, aim asist broken, PRIVMSG
2021-11-08 11:47:58.935237, xqcow, icesicles, ????, PRIVMSG
2021-11-08 11:47:59.257233, xqcow, nedzmu, dogshit game forsenBased dogshit game forsenBased dogshit game forsenBased dogshit game forsenBased dogshit game forsenBased, PRIVMSG
2021-11-08 11:47:59.444767, xqcow, grandiezachiez, PepegaAim, PRIVMSG
2021-11-08 11:47:59.444808, xqcow, action_jackson2, GET ONTARKOV, PRIVMSG
2021-11-08 11:47:59.630381, xqcow, themessiahtv, WORST COD IN 10 YEARS OMEGALUL WORST COD IN 10 YEARS OMEGALUL WORST COD IN 10 YEARS OMEGALUL WORST COD IN 10 YEARS OMEGALUL, PRIVMSG
2021-11-08 11:47:59.630424, xqcow, playgabz, DIE = MALD LULW, PRIVMSG
2021-11-08 11:47:59.821501, xqcow, liriumn, LIKE ðŸ‘, PRIVMSG
2021-11-08 11:47:59.821543, xqcow, xdzlc, forsenCD, PRIVMSG
2021-11-08 11:48:00.010269, xqcow, sam_26789, Mp40 is meta supposedly, PRIVMSG
2021-11-08 11:48:00.010313, xqcow, cringelolll, FEMALE SOLDIER POV OMEGALUL FEMALE SOLDIER POV OMEGALUL FEMALE SOLDIER POV OMEGALUL FEMALE SOLDIER POV OMEGALUL FEMALE SOLDIER POV OMEGALUL FEMALE SOLDIER POV OMEGALUL FEMALE SOLDIER POV OMEGALUL, PRIVMSG
2021-11-08 11:48:00.010329, xqcow, iyiac, Use the MP40 class, PRIVMSG
2021-11-08 11:48:00.010343, xqcow, chaddermcnadder, you have to take xaanax every night to understand x, PRIVMSG
2021-11-08 11:48:00.202832, xqcow, kiwi_chips, kamiko3LUL Joinin' em., PRIVMSG
2021-11-08 11:48:00.202876, xqcow, ayyvollet, @xQcOW :) youre playing blitz mode, it has double the players, PRIVMSG
2021-11-08 11:48:00.202893, xqcow, pradabeboolin, you hit them once, PRIVMSG
2021-11-08 11:48:00.202908, xqcow, gel0us, switch guns, PRIVMSG
2021-11-08 11:48:00.392936, xqcow, heyhowyadewin, SO BAD LULW, PRIVMSG
2021-11-08 11:48:00.392982, xqcow, brcfrmn, @Mumn_313 OpieOP ðŸ’¢ women in my vidya??, PRIVMSG
2021-11-08 11:48:00.393000, xqcow, samikako, RANK 2?, PRIVMSG
2021-11-08 11:48:00.575381, xqcow, 6six006, DEAD = EXCUSES LULW DEAD = EXCUSES LULW DEAD = EXCUSES LULW, PRIVMSG
2021-11-08 11:48:00.762756, xqcow, zatr3z, TWITCH RIVALS AIM OMEGALUL TWITCH RIVALS AIM OMEGALUL TWITCH RIVALS AIM OMEGALUL TWITCH RIVALS AIM OMEGALUL TWITCH RIVALS AIM OMEGALUL TWITCH RIVALS AIM OMEGALUL TWITCH RIVALS AIM OMEGALUL TWITCH RIVALS AIM OMEGALUL TWITCH RIVALS AIM OMEGALUL, PRIVMSG
2021-11-08 11:48:00.762793, xqcow, treggytz, LUL crab aim  OMEGALUL, PRIVMSG
2021-11-08 11:48:00.762820, xqcow, durkzi, Copege CONTROLLER WILL HELP Copege CONTROLLER WILL HELP Copege CONTROLLER WILL HELP Copege CONTROLLER WILL HELP, PRIVMSG
2021-11-08 11:48:00.944811, xqcow, finnb42, change loudout, PRIVMSG
2021-11-08 11:48:01.180226, xqcow, amby22, bad = shit game LULW, PRIVMSG
2021-11-08 11:48:01.366444, xqcow, aquaticastronaut, YOU ARE IN BLITZ OMEGALUL, PRIVMSG
2021-11-08 11:48:01.366485, xqcow, kelseyrt, pick up someone whos dead gun @xQcOW, PRIVMSG
2021-11-08 11:48:01.366503, xqcow, boykisses, PepegaAim PepegaAim PepegaAim PepegaAim PepegaAim PepegaAim PepegaAim PepegaAim PepegaAim PepegaAim PepegaAim, PRIVMSG
2021-11-08 11:48:01.366517, xqcow, sonik555, OMEGALUL WALUIGI AIM OMEGALUL, PRIVMSG
2021-11-08 11:48:01.366531, xqcow, colti, EZ AIM ASSIST, PRIVMSG
2021-11-08 11:48:01.548527, xqcow, ripzyow, COD = BAD, PRIVMSG
2021-11-08 11:48:01.734932, xqcow, boomen__, NEEDS AIM ASSIST OMEGALUL NEEDS AIM ASSIST OMEGALUL NEEDS AIM ASSIST OMEGALUL NEEDS AIM ASSIST OMEGALUL NEEDS AIM ASSIST OMEGALUL NEEDS AIM ASSIST OMEGALUL NEEDS AIM ASSIST OMEGALUL NEEDS AIM ASSIST OMEGALUL, PRIVMSG
2021-11-08 11:48:01.734959, xqcow, squidydota, xqcMald, PRIVMSG
2021-11-08 11:48:01.734968, xqcow, asvknight, LVL 2 Pog, PRIVMSG
2021-11-08 11:48:01.734985, xqcow, alfie_gbe, USE THE OTHER LOADOUT USE THE OTHER LOADOUT USE THE OTHER LOADOUT USE THE OTHER LOADOUT USE THE OTHER LOADOUT, PRIVMSG
2021-11-08 11:48:01.919159, xqcow, maxliimit, Ur aim is so bad, PRIVMSG
2021-11-08 11:48:01.919188, xqcow, thecurioo, forsenCD, PRIVMSG
2021-11-08 11:48:02.138044, xqcow, heyhowyadewin, BAD AT EVERY GAME LULW BAD AT EVERY GAME LULW BAD AT EVERY GAME LULW BAD AT EVERY GAME LULW BAD AT EVERY GAME LULW, PRIVMSG
2021-11-08 11:48:02.320114, xqcow, dankodisco, ITS THE MOUSE Copege, PRIVMSG
2021-11-08 11:48:02.505475, xqcow, hm_king_, @xQcOW go through settings, PRIVMSG
2021-11-08 11:48:02.505518, xqcow, wisestaple02, SAME AS COD WW2 OMEGALUL, PRIVMSG
2021-11-08 11:48:02.505538, xqcow, anthonymclell10, just use controller :tf: just use controller :tf: just use controller :tf: just use controller :tf:, PRIVMSG
2021-11-08 11:48:02.686000, xqcow, andreezym, SOMEONE SHOW HIM A CLIP OF HIS AIM LUL, PRIVMSG
2021-11-08 11:48:02.686042, xqcow, jacksonmoorelol, you upgrade the weapons and they do way more damage, PRIVMSG
2021-11-08 11:48:02.686058, xqcow, dark_sdw, Just play apex LUL, PRIVMSG
2021-11-08 11:48:02.686072, xqcow, xtachiw, controller Pog, PRIVMSG
2021-11-08 11:48:02.868429, xqcow, ant__k, cod incident LULW, PRIVMSG
2021-11-08 11:48:02.868458, xqcow, zatr3z, TWITCH RIVALS AIM OMEGALUL TWITCH RIVALS AIM OMEGALUL TWITCH RIVALS AIM OMEGALUL TWITCH RIVALS AIM OMEGALUL TWITCH RIVALS AIM OMEGALUL TWITCH RIVALS AIM OMEGALUL TWITCH RIVALS AIM OMEGALUL TWITCH RIVALS AIM OMEGALUL TWITCH RIVALS AIM OMEGALUL TWITCH RIVALS AIM OMEGALUL TWITCH RIVALS AIM OMEGALUL, PRIVMSG
2021-11-08 11:48:02.868467, xqcow, xxkandax, HEADSHOTS DO MORE DAMAGE OMEGALUL HEADSHOTS DO MORE DAMAGE OMEGALUL  HEADSHOTS DO MORE DAMAGE OMEGALUL  HEADSHOTS DO MORE DAMAGE OMEGALUL HEADSHOTS DO MORE DAMAGE OMEGALUL, PRIVMSG
2021-11-08 11:48:03.052940, xqcow, budmademewiser, WHERE IS HE AIMING LULW WHERE IS HE AIMING LULW WHERE IS HE AIMING LULW WHERE IS HE AIMING LULW WHERE IS HE AIMING LULW WHERE IS HE AIMING LULW WHERE IS HE AIMING LULW WHERE IS HE AIMING LULW WHERE IS HE AIMING LULW WHERE IS HE AIMING LULW, PRIVMSG
2021-11-08 11:48:03.053024, xqcow, renschnee, losing, PRIVMSG
2021-11-08 11:48:03.234823, xqcow, captain_pyro, The war..all again TrollDespair The war..all again TrollDespair The war..all again TrollDespair The war..all again TrollDespair The war..all again TrollDespair The war..all again TrollDespair The war..all again TrollDespair The war..all again TrollDespair, PRIVMSG
2021-11-08 11:48:03.234865, xqcow, inhimility, JUST STOP THIS ALREADY OMEGALUL, PRIVMSG
2021-11-08 11:48:03.415705, xqcow, metahead69, Copege, PRIVMSG
2021-11-08 11:48:03.602278, xqcow, fossabot, xqcL Annsswer just joined the jungle! xqcL Thanks so much for subbing xqcL And supporting the stream! xqcL, PRIVMSG
2021-11-08 11:48:03.602310, xqcow, ki7roy, WAYTOODANK ANNOUNCER, PRIVMSG
2021-11-08 11:48:03.786836, xqcow, koyoshii, TrollDespair, PRIVMSG
2021-11-08 11:48:03.971385, xqcow, kevin__22_, WHAT IS HE SHOOTING AT? LULW WHAT IS HE SHOOTING AT? LULW WHAT IS HE SHOOTING AT? LULW WHAT IS HE SHOOTING AT? LULW WHAT IS HE SHOOTING AT? LULW, PRIVMSG
2021-11-08 11:48:04.245888, xqcow, ace_9975, XDDDDD, PRIVMSG
2021-11-08 11:48:04.435268, xqcow, xqcsfemboy, loosing, PRIVMSG
2021-11-08 11:48:04.435316, xqcow, thsent, Copege âš ï¸ UNREACHED LEVELS Copege âš ï¸ UNREACHED LEVELS Copege âš ï¸ UNREACHED LEVELS Copege âš ï¸ UNREACHED LEVELS Copege âš ï¸ UNREACHED LEVELS Copege âš ï¸ UNREACHED LEVELS, PRIVMSG
2021-11-08 11:48:04.435336, xqcow, ip0g, Clueless, PRIVMSG
2021-11-08 11:48:04.693530, xqcow, kubonori, bruh this isnt "gooogooga coochie pee oh see me dad" , shoot some mufuckers, PRIVMSG
2021-11-08 11:48:04.880272, xqcow, tombongeleh77, LOSING, PRIVMSG
2021-11-08 11:48:04.880297, xqcow, grgory980, xqcLL, PRIVMSG
2021-11-08 11:48:05.071923, xqcow, virtuosovi, xqcLL, PRIVMSG
2021-11-08 11:48:05.071957, xqcow, og_riley, LULW CONTROLLER CARL, PRIVMSG
2021-11-08 11:48:05.071970, xqcow, acxtreme664, ONE KILL = PogU ONE DEATH = OMEGALUL ONE KILL = PogU ONE DEATH = OMEGALUL ONE KILL = PogU ONE DEATH = OMEGALUL ONE KILL = PogU ONE DEATH = OMEGALUL, PRIVMSG
2021-11-08 11:48:05.258193, xqcow, bumzoid, LOSING Kreygasm, PRIVMSG
2021-11-08 11:48:05.258235, xqcow, iamslaytanic, 4Shrug, PRIVMSG
2021-11-08 11:48:05.443213, xqcow, hiyeaa, PepegaAim  PepegaAim  PepegaAim  PepegaAim, PRIVMSG
2021-11-08 11:48:05.642028, xqcow, t0x1c2345, !watchtime, PRIVMSG
2021-11-08 11:48:05.642072, xqcow, maxliimit, Ur aim is bad, PRIVMSG
2021-11-08 11:48:05.642086, xqcow, partygoy, controller forsenCD controller forsenCD controller forsenCD controller forsenCD controller forsenCD, PRIVMSG
2021-11-08 11:48:05.887628, xqcow, darknessus, I CAN'T xqcOmega xqcOmega xqcOmega, PRIVMSG
2021-11-08 11:48:05.887669, xqcow, schnozebot, T0X1C2345 has spent 21 hours and 20 minutes in online chat., PRIVMSG
2021-11-08 11:48:05.887685, xqcow, cacauwuman, PepegaAim, PRIVMSG
2021-11-08 11:48:05.887699, xqcow, adam7600, losing, PRIVMSG
2021-11-08 11:48:05.887713, xqcow, josjh_liquid, OMEGALUL, PRIVMSG
2021-11-08 11:48:06.075396, xqcow, quinntecha, THAT WON'T HELP OMEGALUL, PRIVMSG
2021-11-08 11:48:06.075438, xqcow, tjfrisbee, recoil is so bad lol, PRIVMSG
2021-11-08 11:48:06.075455, xqcow, ecp_sharky, WHEN IS BATTLEFIELD OMEGALUL, PRIVMSG
2021-11-08 11:48:06.268323, xqcow, noblissxo, losing, PRIVMSG
2021-11-08 11:48:06.268365, xqcow, deatron, @xqcow  you literally playing blitz, of course it will be chaotic LULW, PRIVMSG
2021-11-08 11:48:06.464064, xqcow, psysd, losing, PRIVMSG
2021-11-08 11:48:06.464107, xqcow, masuven, OMEGALUL, PRIVMSG
2021-11-08 11:48:06.464122, xqcow, gel0us, switch guns bro, PRIVMSG
2021-11-08 11:48:06.464135, xqcow, legitblue6, holy, PRIVMSG
2021-11-08 11:48:06.464149, xqcow, queefity, PepegaAim  PepegaAim  PepegaAim, PRIVMSG
2021-11-08 11:48:06.646941, xqcow, goldenmike2008, winning, PRIVMSG
2021-11-08 11:48:06.957013, xqcow, lausoo, SO BAD OMEGALUL, PRIVMSG
2021-11-08 11:48:07.220922, xqcow, chefbronel, 4Shrug just blizzard tings, PRIVMSG
2021-11-08 11:48:07.404630, xqcow, oskk__, lol, PRIVMSG
2021-11-08 11:48:07.404656, xqcow, lulziggy, C OMEGALUL NTROLLER C OMEGALUL NTROLLER C OMEGALUL NTROLLER C OMEGALUL NTROLLER, PRIVMSG
2021-11-08 11:48:07.588198, xqcow, xyzeens, SO BAD LUL, PRIVMSG
2021-11-08 11:48:07.775648, xqcow, ant__k, OMEGALUL, PRIVMSG
2021-11-08 11:48:07.966517, xqcow, kubz1, WHAT DO U THINK? LULW, PRIVMSG
2021-11-08 11:48:07.966559, xqcow, qwerty_fps, SAME GAME EVERY YEAR LULW, PRIVMSG
2021-11-08 11:48:07.966576, xqcow, atomicn30n, GTA HAS BETTER HIT HIT REGISTRATION OMEGALUL GTA HAS BETTER HIT HIT REGISTRATION OMEGALUL GTA HAS BETTER HIT HIT REGISTRATION OMEGALUL GTA HAS BETTER HIT HIT REGISTRATION OMEGALUL, PRIVMSG
2021-11-08 11:48:08.159599, xqcow, silentcarrr, PepegaAim, PRIVMSG
2021-11-08 11:48:08.342696, xqcow, xmxchi_, WHERE IS HE AIMING LULW WHERE IS HE AIMING LULW WHERE IS HE AIMING LULW WHERE IS HE AIMING LULW WHERE IS HE AIMING LULW WHERE IS HE AIMING LULW WHERE IS HE AIMING LULW WHERE IS HE AIMING LULW, PRIVMSG
2021-11-08 11:48:08.342737, xqcow, partygoy, controller forsenCD controller forsenCD controller forsenCD controller forsenCD controller forsenCD controller forsenCD controller forsenCD, PRIVMSG
2021-11-08 11:48:08.528429, xqcow, laetussqrl, winning, PRIVMSG
2021-11-08 11:48:08.528469, xqcow, tinyjuice0, S OMEGALUL BAD, PRIVMSG
2021-11-08 11:48:08.528485, xqcow, iobesity, HahaPoint, PRIVMSG
2021-11-08 11:48:08.528499, xqcow, mgmbh, AIM ASSIST forsenCD, PRIVMSG
2021-11-08 11:48:08.722765, xqcow, bullet_drifter, check your ping maybe its high., PRIVMSG
2021-11-08 11:48:08.911250, xqcow, masuven, nice spray naroX, PRIVMSG
2021-11-08 11:48:09.274678, xqcow, one106, OMEGALUL ???????, PRIVMSG
2021-11-08 11:48:09.462677, xqcow, boykisses, PepegaAim PepegaAim PepegaAim PepegaAim PepegaAim PepegaAim PepegaAim PepegaAim PepegaAim PepegaAim, PRIVMSG
2021-11-08 11:48:09.462718, xqcow, kiwi_chips, What was that, PRIVMSG
2021-11-08 11:48:09.462734, xqcow, jayyp_ow, BatChess new cod, PRIVMSG
2021-11-08 11:48:09.462748, xqcow, resarfelyk, ?????, PRIVMSG
2021-11-08 11:48:09.462762, xqcow, heyhowyadewin, SO BAD LULW, PRIVMSG
2021-11-08 11:48:09.653468, xqcow, lookezbr, just watch in slow motion and you'll see how many shots ur missing xqcow, PRIVMSG
2021-11-08 11:48:09.653508, xqcow, ch3rnie, OMEGALUL AIM, PRIVMSG
2021-11-08 11:48:09.653523, xqcow, gel0us, change the gun, PRIVMSG
2021-11-08 11:48:09.653672, xqcow, verzod, PepegaAim, PRIVMSG
2021-11-08 11:48:09.653697, xqcow, kelseyrt, pick up someone whos dead gun @xQcOW ó €€, PRIVMSG
2021-11-08 11:48:09.837381, xqcow, ugoparker, PepegaAim, PRIVMSG
2021-11-08 11:48:09.837423, xqcow, atonement117, Its because you arent on controller, PRIVMSG
2021-11-08 11:48:10.019377, xqcow, l3xtalion, L, PRIVMSG
2021-11-08 11:48:10.019418, xqcow, polarwinds, PepegaAim HOLY, PRIVMSG
2021-11-08 11:48:10.205807, xqcow, tibusta, DONDA AIM OMEGALUL DONDA AIM OMEGALUL DONDA AIM OMEGALUL DONDA AIM OMEGALUL DONDA AIM OMEGALUL DONDA AIM OMEGALUL DONDA AIM OMEGALUL, PRIVMSG
2021-11-08 11:48:10.389884, xqcow, n3tero76, pepega aim, PRIVMSG
2021-11-08 11:48:10.574022, xqcow, zakeesha, Pepega aim, PRIVMSG
2021-11-08 11:48:10.759023, xqcow, masuven, naroXD, PRIVMSG
2021-11-08 11:48:10.759049, xqcow, ifedexe, STOP PLAYING WITH THE WHEEL DUD OMEGALUL, PRIVMSG
2021-11-08 11:48:10.940614, xqcow, noname_johndoe, sooo bad, PRIVMSG
2021-11-08 11:48:11.126823, xqcow, theaminey, Death = generate excuse LULW Death = generate excuse LULW Death = generate excuse LULW Death = generate excuse LULW Death = generate excuse LULW, PRIVMSG
2021-11-08 11:48:11.126863, xqcow, halfskeed, Copege, PRIVMSG
2021-11-08 11:48:11.126879, xqcow, mattyyyyy___, JESUS, PRIVMSG
2021-11-08 11:48:11.310650, xqcow, psysd, PepegaAim, PRIVMSG
2021-11-08 11:48:11.310690, xqcow, heyhowyadewin, BAD AT EVERY GAME LULW BAD AT EVERY GAME LULW BAD AT EVERY GAME LULW BAD AT EVERY GAME LULW BAD AT EVERY GAME LULW, PRIVMSG
2021-11-08 11:48:11.492730, xqcow, slife4, Copege âš ï¸ UNREACHED LEVELS Copege âš ï¸ UNREACHED LEVELS Copege âš ï¸ UNREACHED LEVELS Copege âš ï¸ UNREACHED LEVELS Copege âš ï¸ UNREACHED LEVELS Copege âš ï¸ UNREACHED LEVELS, PRIVMSG
2021-11-08 11:48:11.492776, xqcow, obsavage_x3, steal a gun, PRIVMSG
2021-11-08 11:48:11.677920, xqcow, tinyjuice0, OMEGALUL K DUDE, PRIVMSG
2021-11-08 11:48:11.859428, xqcow, destructionnzzz, bro turn ur sens down wtf??????, PRIVMSG
2021-11-08 11:48:12.168209, xqcow, ado_42, WHO IS HE SHOOTING LULW WHO IS HE SHOOTING LULW WHO IS HE SHOOTING LULW WHO IS HE SHOOTING LULW WHO IS HE SHOOTING LULW, PRIVMSG
2021-11-08 11:48:12.355051, xqcow, abeschooler03, @vibehoonk thats what im saying, PRIVMSG
2021-11-08 11:48:12.542021, xqcow, 1mrbearr, BRO YOUR AIM, PRIVMSG
2021-11-08 11:48:12.542062, xqcow, cz_an, S OMEGALUL BAD, PRIVMSG
2021-11-08 11:48:12.542079, xqcow, boinkyboinks, CRABGAME AIM OMEGALUL  CRABGAME AIM OMEGALUL CRABGAME AIM OMEGALUL', PRIVMSG
2021-11-08 11:48:12.868567, xqcow, 12bomtrady, xqcCheer xqcCheer xqcCheer, PRIVMSG
2021-11-08 11:48:13.051476, xqcow, chevenitsu, !#showemote xqcCheer ó €€, PRIVMSG
2021-11-08 11:48:13.051506, xqcow, sellio, its MW2019 RESKIN LULW TTK IS LOW SO AIM AINT NEEDED, PRIVMSG
2021-11-08 11:48:13.051516, xqcow, tibusta, DONDA AIM OMEGALUL DONDA AIM OMEGALUL DONDA AIM OMEGALUL DONDA AIM OMEGALUL DONDA AIM OMEGALUL DONDA AIM OMEGALUL DONDA AIM OMEGALUL DONDA AIM OMEGALUL DONDA AIM OMEGALUL, PRIVMSG
2021-11-08 11:48:13.051526, xqcow, lethal_szn, CRITICAL LEVELS Copege âš ï¸, PRIVMSG
2021-11-08 11:48:13.051534, xqcow, gel0us, switch your gun, PRIVMSG
2021-11-08 11:48:13.238542, xqcow, captainflaps, JUBILEE AIM LULW JUBILEE AIM LULW JUBILEE AIM LULW JUBILEE AIM LULW JUBILEE AIM LULW JUBILEE AIM LULW JUBILEE AIM LULW JUBILEE AIM LULW JUBILEE AIM LULW JUBILEE AIM LULW JUBILEE AIM LULW JUBILEE AIM LULW JUBILEE AIM LULW, PRIVMSG
2021-11-08 11:48:13.238585, xqcow, zatr3z, TWITCH RIVALS AIM LULW TWITCH RIVALS AIM LULW TWITCH RIVALS AIM LULW TWITCH RIVALS AIM LULW TWITCH RIVALS AIM LULW TWITCH RIVALS AIM LULW TWITCH RIVALS AIM LULW TWITCH RIVALS AIM LULW TWITCH RIVALS AIM LULW TWITCH RIVALS AIM LULW TWITCH RIVALS AIM LULW TWITCH RIVALS AIM LULW TWITCH RIVALS AIM LULW, PRIVMSG
2021-11-08 11:48:13.421860, xqcow, thsent, PepegaAim, PRIVMSG
2021-11-08 11:48:13.421901, xqcow, amme__, sens is way too high, PRIVMSG
2021-11-08 11:48:13.613456, xqcow, cruisecontrolc, YOUR SCORE IS BOTTOM LEFT LUL, PRIVMSG
2021-11-08 11:48:13.613497, xqcow, scattered69, For those who are reading this I just wanted to say I'm proud of you for passing the hardest times in your life alone when everyone thought you were fine, much love, PRIVMSG
2021-11-08 11:48:13.613514, xqcow, ahbar21, xqcow you are bad, PRIVMSG
2021-11-08 11:48:13.613528, xqcow, runeknight03, PepegaAim, PRIVMSG
2021-11-08 11:48:13.613542, xqcow, bambampewpew32, Sadge, PRIVMSG
2021-11-08 11:48:13.813492, xqcow, kojitoes, Copege, PRIVMSG
2021-11-08 11:48:14.000347, xqcow, stephenmc44, OMEGALUL BLOONS AIM, PRIVMSG
2021-11-08 11:48:14.000405, xqcow, iamalovespray, LOWER YOUR SENSI, PRIVMSG
2021-11-08 11:48:14.191708, xqcow, therealjolly, CHANGE CLASS 4Head CHANGE CLASS 4Head CHANGE CLASS 4Head CHANGE CLASS 4Head CHANGE CLASS 4Head CHANGE CLASS 4Head CHANGE CLASS 4Head CHANGE CLASS 4Head CHANGE CLASS 4Head CHANGE CLASS 4Head CHANGE CLASS 4Head, PRIVMSG
2021-11-08 11:48:14.375674, xqcow, aura_z_, its always like that, PRIVMSG
2021-11-08 11:48:14.375715, xqcow, smallcornball, L OMEGALUL SING, PRIVMSG
2021-11-08 11:48:14.375734, xqcow, luke_kss, THEY DIDNâ€™T EVEN GAME SUPPRESSORS BACK THEN LULW, PRIVMSG
2021-11-08 11:48:14.375750, xqcow, chevenitsu, !#showemote xqcCheer, PRIVMSG
2021-11-08 11:48:14.375765, xqcow, theaminey, Death = generate excuse LULW Death = generate excuse LULW Death = generate excuse LULW Death = generate excuse LULW Death = generate excuse LULW Death = generate excuse LULW, PRIVMSG
2021-11-08 11:48:14.375778, xqcow, whererudad, USE THE WHEEL PagMan @xQcOW, PRIVMSG
2021-11-08 11:48:14.571319, xqcow, soursnaz, @xQcOW PICK UP THERE GUNS @xQcOW PICK UP THERE GUNS @xQcOW PICK UP THERE GUNS @xQcOW PICK UP THERE GUNS @xQcOW PICK UP THERE GUNS @xQcOW PICK UP THERE GUNS @xQcOW PICK UP THERE GUNS @xQcOW PICK UP THERE GUNS @xQcOW PICK UP THERE GUNS @xQcOW PICK UP THERE GUNS @xQcOW PICK UP THERE GUNS @xQcOW PICK UP THERE GUNS, PRIVMSG
2021-11-08 11:48:14.753143, xqcow, the_openvaers_project, I love copy and pasted games BatChest, PRIVMSG
2021-11-08 11:48:14.753170, xqcow, xxgodendxx, YOU MISS BECAUSE OF HIGH SENS DUDE @xQcOW, PRIVMSG
2021-11-08 11:48:14.753179, xqcow, alegrana, moon2O, PRIVMSG
2021-11-08 11:48:14.753187, xqcow, mrmcgroovysmoothie, look bottem left, PRIVMSG
2021-11-08 11:48:14.753194, xqcow, ripzyow, Wining, PRIVMSG
2021-11-08 11:48:14.935978, xqcow, ohhlocky, LULW WW2 HOLOGRAPH STG LULW WW2 HOLOGRAPH STG LULW WW2 HOLOGRAPH STG LULW WW2 HOLOGRAPH STG LULW WW2 HOLOGRAPH STG LULW WW2 HOLOGRAPH STG, PRIVMSG
2021-11-08 11:48:14.936019, xqcow, upnxtbrad, Your on 10v10 blitz change it, PRIVMSG
2021-11-08 11:48:14.936035, xqcow, alongtime64, yo, PRIVMSG
2021-11-08 11:48:14.936049, xqcow, fergbrambila, grab guns from the floor, PRIVMSG
2021-11-08 11:48:14.936062, xqcow, pilotchup, still washed out - lower brightness? @xQcOW, PRIVMSG
2021-11-08 11:48:14.936075, xqcow, flipflopsodapop, Copege, PRIVMSG
2021-11-08 11:48:14.936088, xqcow, muddy_bubbly, xqcCo, PRIVMSG
2021-11-08 11:48:15.414637, xqcow, alfie_gbe, USE THE OTHER LOADOUT USE THE OTHER LOADOUT USE THE OTHER LOADOUT USE THE OTHER LOADOUT USE THE OTHER LOADOUT USE THE OTHER LOADOUT, PRIVMSG
2021-11-08 11:48:15.599705, xqcow, canbooka, xqcLL, PRIVMSG
2021-11-08 11:48:15.599746, xqcow, gmbttv, Big Aim, PRIVMSG
2021-11-08 11:48:15.599761, xqcow, tinyjuice0, S OMEGALUL BAD, PRIVMSG
2021-11-08 11:48:15.599775, xqcow, pkai92, Copege idk why, PRIVMSG
2021-11-08 11:48:15.599787, xqcow, fn0va, PepegaAim, PRIVMSG
2021-11-08 11:48:15.793389, xqcow, one106, OMEGALUL CRAB GAME AIM, PRIVMSG
2021-11-08 11:48:15.793430, xqcow, randam_guy, xqcCheer LOSE, PRIVMSG
2021-11-08 11:48:15.793446, xqcow, alienpls3_420, CRAB AIM OMEGALUL, PRIVMSG
2021-11-08 11:48:15.983937, xqcow, noname_johndoe, made an outline, PRIVMSG
2021-11-08 11:48:16.378137, xqcow, therealjolly, CHANGE CLASS 4Head CHANGE CLASS 4Head CHANGE CLASS 4Head CHANGE CLASS 4Head CHANGE CLASS 4Head CHANGE CLASS 4Head CHANGE CLASS 4Head, PRIVMSG
2021-11-08 11:48:16.567313, xqcow, trancetastic, OMEGALUL, PRIVMSG
2021-11-08 11:48:16.567360, xqcow, chevenitsu, !#showemote xqcCheer ó €€, PRIVMSG
2021-11-08 11:48:16.567490, xqcow, freesidesu, sens too high, PRIVMSG
2021-11-08 11:48:16.567511, xqcow, nat3557, xqcDespair WAR NEVER CHANGES xqcDespair WAR NEVER CHANGES xqcDespair WAR NEVER CHANGES xqcDespair WAR NEVER CHANGES xqcDespair WAR NEVER CHANGES, PRIVMSG
2021-11-08 11:48:16.750939, xqcow, martin02x, CRAB GAME AIM LULW, PRIVMSG
2021-11-08 11:48:16.934106, xqcow, midnightxm, Copege, PRIVMSG
2021-11-08 11:48:16.934146, xqcow, ugoparker, OMEGALUL, PRIVMSG
2021-11-08 11:48:16.934162, xqcow, kleinerjockel, Sadge old, PRIVMSG
2021-11-08 11:48:16.934175, xqcow, gel0us, change the gun, PRIVMSG
2021-11-08 11:48:17.388935, xqcow, macqn, TURN UR PACING TO TACTICAL TURN UR PACING TO TACTICAL TURN UR PACING TO TACTICAL @xqcow, PRIVMSG
2021-11-08 11:48:17.578856, xqcow, howie15slam, COD NEW ONE NXT YR, PRIVMSG
2021-11-08 11:48:17.578903, xqcow, budmademewiser, OMEGALUL, PRIVMSG
2021-11-08 11:48:17.578919, xqcow, mrsteez82, @xQcOW SHTURMGEWHER IS DOGSHIT ANYWAYS, PRIVMSG
2021-11-08 11:48:17.763358, xqcow, kubz1, LMAO, PRIVMSG
2021-11-08 11:48:17.763399, xqcow, cmonbruh_420, 10, PRIVMSG
2021-11-08 11:48:17.763415, xqcow, sorandom_, PepegaAim, PRIVMSG
2021-11-08 11:48:17.763431, xqcow, pl4sm4_ro4ch_jtv, COSMETIC AIM OMEGALUL COSMETIC AIM OMEGALUL COSMETIC AIM OMEGALUL COSMETIC AIM OMEGALUL, PRIVMSG
2021-11-08 11:48:17.946835, xqcow, semih033nl, MP40 is broken @xqcow, PRIVMSG
2021-11-08 11:48:17.946881, xqcow, soursnaz, @xQcOW PICK UP THERE GUNS ó €€, PRIVMSG
2021-11-08 11:48:18.684735, xqcow, shirir6, Copege THE GAME Copege THE GAME Copege THE GAME Copege THE GAME Copege THE GAME Copege THE GAME Copege THE GAME Copege THE GAME Copege THE GAME Copege THE GAME, PRIVMSG
2021-11-08 11:48:18.867342, xqcow, dolladanadream, LUL, PRIVMSG
2021-11-08 11:48:18.867369, xqcow, lithuaniansnow, decrease sens???, PRIVMSG
2021-11-08 11:48:18.867377, xqcow, llawliet187, so baaaaaaaaaaaaaaaaad, PRIVMSG
2021-11-08 11:48:18.867384, xqcow, rearmmar, xqcCheer xqcCheer xqcCheer xqcCheer, PRIVMSG
2021-11-08 11:48:18.867392, xqcow, cardboardman3, PogU USE THE WHEEL PogU USE THE WHEEL PogU USE THE WHEEL PogU USE THE WHEEL PogU USE THE WHEEL PogU USE THE WHEEL PogU USE THE WHEEL PogU USE THE WHEEL PogU USE THE WHEEL PogU USE THE WHEEL PogU USE THE WHEEL, PRIVMSG
2021-11-08 11:48:18.867399, xqcow, mattonixtv, aim is hard to look at OMEGALUL, PRIVMSG
2021-11-08 11:48:18.867406, xqcow, inhimility, ppOverheat AIM ppOverheat AIM ppOverheat AIM, PRIVMSG
2021-11-08 11:48:18.867414, xqcow, sunset_bullsharrk, Kill them quicker 4Head, PRIVMSG
2021-11-08 11:48:18.867422, xqcow, ip0g, CRAB GAME AIM LULW ó €€, PRIVMSG
2021-11-08 11:48:19.061160, xqcow, subject12_, 4?, PRIVMSG
2021-11-08 11:48:19.061201, xqcow, soursnaz, @xQcOW PICK UP THERE GUNS, PRIVMSG
2021-11-08 11:48:19.245706, xqcow, shirir6, Copege THE GAME Copege THE GAME Copege THE GAME Copege THE GAME Copege THE GAME Copege THE GAME, PRIVMSG
2021-11-08 11:48:19.439949, xqcow, misterdwx, WHO IS HE SHOOTING LULW, PRIVMSG
2021-11-08 11:48:19.626687, xqcow, halfskeed, Pepega, PRIVMSG
2021-11-08 11:48:19.626714, xqcow, theaminey, Death = generate excuse LULW Death = generate excuse LULW Death = generate excuse LULW, PRIVMSG
2021-11-08 11:48:19.815915, xqcow, tedjurke, 12, PRIVMSG
2021-11-08 11:48:19.815982, xqcow, ohhlocky, LULW WW2 HOLOGRAPH STG LULW WW2 HOLOGRAPH STG LULW WW2 HOLOGRAPH STG LULW WW2 HOLOGRAPH STG LULW WW2 HOLOGRAPH STG, PRIVMSG
2021-11-08 11:48:20.004326, xqcow, wildcxrd, play new apex map @xQcOW DinkDonk, PRIVMSG
2021-11-08 11:48:20.004366, xqcow, koyoshii, Pepega, PRIVMSG
2021-11-08 11:48:20.004381, xqcow, ssgtaco_, PepegaAim, PRIVMSG
2021-11-08 11:48:20.199741, xqcow, chevenitsu, !#showemote xqcCheer, PRIVMSG
2021-11-08 11:48:20.199781, xqcow, shrimpy29, JUST TURN DOWN SENS DUDE, PRIVMSG
2021-11-08 11:48:20.199798, xqcow, aperaa, TrollDespair if i ever get log checked, yes i spam smd, PRIVMSG
2021-11-08 11:48:20.199816, xqcow, soursnaz, @xQcOW PICK UP THERE GUNS ó €€, PRIVMSG
2021-11-08 11:48:20.199832, xqcow, degstorm, xqcDrive, PRIVMSG
2021-11-08 11:48:20.384328, xqcow, hoppz1, H OMEGALUL LU, PRIVMSG
2021-11-08 11:48:20.565894, xqcow, shirir6, Copege THE GAME Copege THE GAME Copege THE GAME Copege THE GAME Copege THE GAME Copege THE GAME Copege THE GAME Copege THE GAME, PRIVMSG
2021-11-08 11:48:20.565920, xqcow, cardinalwolf69, Pepega, PRIVMSG
2021-11-08 11:48:20.565929, xqcow, pet_eldrazi, Copege so much copium, PRIVMSG
2021-11-08 11:48:20.565937, xqcow, kevin__22_, WHAT IS HE SHOOTING AT? LULW WHAT IS HE SHOOTING AT? LULW WHAT IS HE SHOOTING AT? LULW WHAT IS HE SHOOTING AT? LULW WHAT IS HE SHOOTING AT? LULW WHAT IS HE SHOOTING AT? LULW, PRIVMSG
2021-11-08 11:48:20.753379, xqcow, eskah1, Pepega, PRIVMSG
2021-11-08 11:48:20.753423, xqcow, deadeyedave64, xqcKek, PRIVMSG
2021-11-08 11:48:20.941043, xqcow, slox1, Pepega, PRIVMSG
2021-11-08 11:48:20.941073, xqcow, psysd, Pepega, PRIVMSG
2021-11-08 11:48:20.941085, xqcow, masuven, FeelsDankMan, PRIVMSG
2021-11-08 11:48:20.941096, xqcow, antivala, So Bad OMEGALUL, PRIVMSG
2021-11-08 11:48:21.141470, xqcow, whererudad, Pepega, PRIVMSG
2021-11-08 11:48:21.141511, xqcow, kingsmillbg_, Pepega, PRIVMSG
2021-11-08 11:48:21.141526, xqcow, agent_m007, WutFace, PRIVMSG
2021-11-08 11:48:21.141541, xqcow, ketatura, since when did the people have holographic sights in ww2???????, PRIVMSG
2021-11-08 11:48:21.141554, xqcow, dominicperezx2, Pepega, PRIVMSG
2021-11-08 11:48:21.141568, xqcow, kaze____________, COPIUM OVERDOSE, PRIVMSG
2021-11-08 11:48:21.327250, xqcow, soursnaz, @xQcOW PICK UP THERE GUNS, PRIVMSG
2021-11-08 11:48:21.327290, xqcow, the_most_sane_twitch_user, Pepega, PRIVMSG
2021-11-08 11:48:21.327307, xqcow, gamestarioni, Pepepga, PRIVMSG
2021-11-08 11:48:21.516741, xqcow, chatting_, Pepega, PRIVMSG
2021-11-08 11:48:21.516794, xqcow, iriscent, Pepega, PRIVMSG
2021-11-08 11:48:21.516812, xqcow, azyuri_, Pepega, PRIVMSG
2021-11-08 11:48:21.700659, xqcow, quinntecha, Pepega, PRIVMSG
2021-11-08 11:48:21.700699, xqcow, squidydota, Pepega, PRIVMSG
2021-11-08 11:48:21.700715, xqcow, hawxnyte, PepegaPls, PRIVMSG
2021-11-08 11:48:21.700729, xqcow, gel0us, switch the gun, PRIVMSG
2021-11-08 11:48:21.700742, xqcow, 5thpimple, !#Showemote Copege, PRIVMSG
2021-11-08 11:48:23.159724, xqcow, alongtime64, someone, PRIVMSG
2021-11-08 11:48:23.345226, xqcow, okaybuddy24, Pepega, PRIVMSG
2021-11-08 11:48:23.345267, xqcow, jayyp_ow, BatChest NEW COD, PRIVMSG
2021-11-08 11:48:23.345282, xqcow, andyzhou1, Pepega, PRIVMSG
2021-11-08 11:48:23.345296, xqcow, terpicc, FeelsDankMan, PRIVMSG
2021-11-08 11:48:23.528227, xqcow, tombongeleh77, Pepega, PRIVMSG
2021-11-08 11:48:23.528269, xqcow, alfie_gbe, USE THE OTHER LOADOUT @xQcOW USE THE OTHER LOADOUT @xQcOW USE THE OTHER LOADOUT @xQcOW USE THE OTHER LOADOUT @xQcOW USE THE OTHER LOADOUT @xQcOW, PRIVMSG
2021-11-08 11:48:23.528284, xqcow, slightmare_, Aim is so bad, PRIVMSG
2021-11-08 11:48:23.528298, xqcow, bananaeater265, Pepega, PRIVMSG
2021-11-08 11:48:23.715879, xqcow, trinam1, OMEGALUL, PRIVMSG
2021-11-08 11:48:23.715920, xqcow, kubonori, Pepega Clap, PRIVMSG
2021-11-08 11:48:23.715936, xqcow, crunchybeans990, Pepega MegaphoneZ, PRIVMSG
2021-11-08 11:48:23.715950, xqcow, josjh_liquid, @xqcow SENSIVITY?, PRIVMSG
2021-11-08 11:48:23.715963, xqcow, stinkyfishstick, Copege, PRIVMSG
2021-11-08 11:48:23.715976, xqcow, mighty_d0n, Pepega, PRIVMSG
2021-11-08 11:48:23.715989, xqcow, imarbleee, Pepega, PRIVMSG
2021-11-08 11:48:23.900951, xqcow, nedtel, CRAB GAME AIM OMEGALUL CRAB GAME AIM OMEGALUL CRAB GAME AIM OMEGALUL CRAB GAME AIM OMEGALUL CRAB GAME AIM OMEGALUL, PRIVMSG
2021-11-08 11:48:24.086777, xqcow, ibaguy, Pepega, PRIVMSG
2021-11-08 11:48:24.086819, xqcow, actuallyrealuke, FeelsDankMan, PRIVMSG
2021-11-08 11:48:24.086835, xqcow, restilll, Pepega, PRIVMSG
2021-11-08 11:48:24.284666, xqcow, albertjnun, Pepega, PRIVMSG
2021-11-08 11:48:24.284712, xqcow, schloopyschlop, OMEGALUL, PRIVMSG
2021-11-08 11:48:24.284728, xqcow, dominicperezx2, Pepega Clap, PRIVMSG
2021-11-08 11:48:24.284741, xqcow, deadeyedave64, Pepega, PRIVMSG
2021-11-08 11:48:24.468104, xqcow, auss1e__, OMEGALUL, PRIVMSG
2021-11-08 11:48:24.468259, xqcow, canbooka, xqcDrive, PRIVMSG
2021-11-08 11:48:24.649235, xqcow, csdgsno, this is sad TrollDespair, PRIVMSG
2021-11-08 11:48:24.649277, xqcow, cybermonkeymind, aim is bad bad, PRIVMSG
2021-11-08 11:48:24.649293, xqcow, thedarklord09, PepegaAim HOLY, PRIVMSG
2021-11-08 11:48:24.835320, xqcow, soursnaz, @xQcOW PICK UP THERE GUNS ó €€, PRIVMSG
2021-11-08 11:48:24.835354, xqcow, 0bah, BAD = SHIT GAME LULW BAD = SHIT GAME LULW BAD = SHIT GAME LULW BAD = SHIT GAME LULW BAD = SHIT GAME LULW BAD = SHIT GAME LULW, PRIVMSG
2021-11-08 11:48:24.835363, xqcow, skyderpz, Screenshake is so crazy, PRIVMSG
2021-11-08 11:48:24.835371, xqcow, caramelldansen1, Pepega Clap, PRIVMSG
2021-11-08 11:48:24.835378, xqcow, ravensparade, CHAT THE GUNS ARE SUPPOSED TO BE LIKE THAT OMEGALUL, PRIVMSG
2021-11-08 11:48:25.018349, xqcow, r3lax888, XQCOW USE THE AUTOMATION XQCOW USE THE AUTOMATION XQCOW USE THE AUTOMATION XQCOW USE THE AUTOMATION XQCOW USE THE AUTOMATION XQCOW USE THE AUTOMATION XQCOW USE THE AUTOMATION, PRIVMSG
2021-11-08 11:48:25.018394, xqcow, psysd, Pepega ó €€, PRIVMSG
2021-11-08 11:48:26.196647, xqcow, rearmmar, xqcCheer xqcCheer xqcCheer xqcCheer xqcCheer xqcCheer xqcCheer xqcCheer xqcCheer xqcCheer xqcCheer, PRIVMSG
2021-11-08 11:48:26.382725, xqcow, willsatomic, PepegaAim, PRIVMSG
2021-11-08 11:48:26.382783, xqcow, newfrogs, Scattered69, PagMan xqcLL, PRIVMSG
2021-11-08 11:48:26.382799, xqcow, freebread4u, CRAB AIM LULW CRAB AIM LULW CRAB AIM LULW CRAB AIM LULW CRAB AIM LULW CRAB AIM LULW CRAB AIM LULW CRAB AIM LULW CRAB AIM LULW, PRIVMSG
2021-11-08 11:48:26.382812, xqcow, tc0n_, xqcCheer, PRIVMSG
2021-11-08 11:48:26.382823, xqcow, ugoparker, Copege EVERY 6 SEONDS, PRIVMSG
2021-11-08 11:48:26.382842, xqcow, ant__k, PagMan ó €€, PRIVMSG
2021-11-08 11:48:26.569183, xqcow, kelseyrt, pick up someone elses gun @xQcOW, PRIVMSG
2021-11-08 11:48:26.569224, xqcow, andreezym, HIT HIM 3 TIMES LUL, PRIVMSG
2021-11-08 11:48:26.753901, xqcow, dempancakes, BabyRage, PRIVMSG
2021-11-08 11:48:26.753928, xqcow, techagek, @xQcOW play hardcore, it's 1 hit, PRIVMSG
2021-11-08 11:48:26.753936, xqcow, durkzi, xqcCheer, PRIVMSG
2021-11-08 11:48:26.943641, xqcow, boomen__, VACCINE AIM OMEGALUL VACCINE AIM OMEGALUL VACCINE AIM OMEGALUL VACCINE AIM OMEGALUL VACCINE AIM OMEGALUL VACCINE AIM OMEGALUL VACCINE AIM OMEGALUL VACCINE AIM OMEGALUL VACCINE AIM OMEGALUL VACCINE AIM OMEGALUL VACCINE AIM OMEGALUL VACCINE AIM OMEGALUL, PRIVMSG
2021-11-08 11:48:26.943671, xqcow, pkai92, pogU, PRIVMSG
2021-11-08 11:48:27.144529, xqcow, xmxchi_, CHANGE CLASS 4Head CHANGE CLASS 4Head CHANGE CLASS 4Head CHANGE CLASS 4Head CHANGE CLASS 4Head CHANGE CLASS 4Head CHANGE CLASS 4Head, PRIVMSG
2021-11-08 11:48:27.144570, xqcow, budmademewiser, Pepega, PRIVMSG
2021-11-08 12:05:40.754108, xqcow, hyemhy3m, OMEGALUL, PRIVMSG
2021-11-08 12:05:40.754132, xqcow, zccm, xqcMald, PRIVMSG
2021-11-08 12:05:40.946458, xqcow, koyoshii, o, PRIVMSG
2021-11-08 12:05:40.946500, xqcow, cyressthegoat, bad LUL, PRIVMSG
2021-11-08 12:05:40.946514, xqcow, stargeant_, xqcM, PRIVMSG
2021-11-08 12:05:40.946525, xqcow, actuallyrealuke, oh, PRIVMSG
2021-11-08 12:05:40.946536, xqcow, bousorl, xqcMald JUMP, PRIVMSG
2021-11-08 12:05:41.136957, xqcow, mozzzzzzzzzzzzzzzzzzzzzzi, xqcMald, PRIVMSG
2021-11-08 12:05:41.136996, xqcow, groupunicorn, L, PRIVMSG
2021-11-08 12:05:41.440479, xqcow, dyndean, o, PRIVMSG
2021-11-08 12:05:41.630944, xqcow, chairkun, xqcMood, PRIVMSG
2021-11-08 12:05:41.630983, xqcow, gokin, o, PRIVMSG
2021-11-08 12:05:41.630995, xqcow, jimbiann, np _), PRIVMSG
2021-11-08 12:05:41.819646, xqcow, heisssi, OMEGALUL OMEGALUL, PRIVMSG
2021-11-08 12:05:41.819684, xqcow, mightyoaks, damn this map IS from World At War. I remember xqcOld, PRIVMSG
2021-11-08 12:05:42.007777, xqcow, lordassassin__, o, PRIVMSG
2021-11-08 12:05:42.007815, xqcow, sbp_raids2, xqcMald, PRIVMSG
2021-11-08 12:05:42.007827, xqcow, bumzoid, o, PRIVMSG
2021-11-08 12:05:42.007837, xqcow, goinuptown, WutFace, PRIVMSG
2021-11-08 12:05:42.194298, xqcow, pacificstatic, its closer to how your human eye tracks, PRIVMSG
2021-11-08 12:05:42.194337, xqcow, v1kgg, O, PRIVMSG
2021-11-08 12:05:42.385168, xqcow, annsswer, It's okay xqcL, PRIVMSG
2021-11-08 12:05:42.385224, xqcow, chevenitsu, !#showemote xqcCheer ó €€, PRIVMSG
2021-11-08 12:05:42.385243, xqcow, techagek, sorry for what, PRIVMSG
2021-11-08 12:05:42.385254, xqcow, flarepacmanny, o, PRIVMSG
2021-11-08 12:05:42.574897, xqcow, light_rule9, ppHop OK, PRIVMSG
2021-11-08 12:05:42.574935, xqcow, arashvizz78, o, PRIVMSG
2021-11-08 12:05:42.574947, xqcow, elclicker, o, PRIVMSG
2021-11-08 12:05:42.773500, xqcow, nashor, Kreygasm, PRIVMSG
2021-11-08 12:05:42.773528, xqcow, chamborals, xqcCheer  WOOP WOOP, PRIVMSG
2021-11-08 12:05:42.773536, xqcow, mighty_d0n, xqcMald, PRIVMSG
2021-11-08 12:05:42.773544, xqcow, enigma0x29a, :xqcll, PRIVMSG
2021-11-08 12:05:42.773551, xqcow, thenamescheeze, xqcMald CAN YOU JUMP, PRIVMSG
2021-11-08 12:05:42.965547, xqcow, slox1, o, PRIVMSG
2021-11-08 12:05:42.965587, xqcow, gamestarioni, its oke :), PRIVMSG
2021-11-08 12:05:42.965600, xqcow, champs233, @BryG05 OMEGALUL LOL, PRIVMSG
2021-11-08 12:05:42.965610, xqcow, firetacker, xqcLL ,, PRIVMSG
2021-11-08 12:05:42.965619, xqcow, agentrieper, xqcMald, PRIVMSG
2021-11-08 12:05:43.163585, xqcow, priyox, o, PRIVMSG
2021-11-08 12:05:43.351597, xqcow, lebayman, oh, PRIVMSG
2021-11-08 12:05:43.351633, xqcow, gavin0401, o, PRIVMSG
2021-11-08 12:05:43.351645, xqcow, carlitoxcj, xqcMald, PRIVMSG
2021-11-08 12:05:43.351655, xqcow, arexax, Oh, PRIVMSG
2021-11-08 12:05:43.351665, xqcow, reuelrockstar123, ok, PRIVMSG
2021-11-08 12:05:43.351685, xqcow, spaggeti101, controller aim, PRIVMSG
2021-11-08 12:05:43.351694, xqcow, yfvreiari, xqcMald, PRIVMSG
2021-11-08 12:05:43.351702, xqcow, ettylium, ok, PRIVMSG
2021-11-08 12:05:43.351711, xqcow, dezzy520, o, PRIVMSG
2021-11-08 12:05:43.542149, xqcow, subject12_, WutFace, PRIVMSG
2021-11-08 12:05:43.542188, xqcow, dravrios, xqcMald, PRIVMSG
2021-11-08 12:05:43.729387, xqcow, trancetastic, widepeepoSad im cwying irl, PRIVMSG
2021-11-08 12:05:43.729426, xqcow, honzuly, o, PRIVMSG
2021-11-08 12:05:43.729438, xqcow, thevigilantinsurgent_, xqcMALD, PRIVMSG
2021-11-08 12:05:43.729449, xqcow, imzerg36, xqcMald CAN YOU JUMP, PRIVMSG
2021-11-08 12:05:43.729475, xqcow, heisssi, O, PRIVMSG
2021-11-08 12:05:43.921309, xqcow, 156lean, xqcMald, PRIVMSG
2021-11-08 12:05:43.921349, xqcow, its_sinny, o, PRIVMSG
2021-11-08 12:05:43.921363, xqcow, gokin, o ó €€, PRIVMSG
2021-11-08 12:05:43.921376, xqcow, stephenmc44, WutFace, PRIVMSG
2021-11-08 12:05:43.921385, xqcow, azyuri_, O, PRIVMSG
2021-11-08 12:05:44.108860, xqcow, classic2238, monkaS, PRIVMSG
2021-11-08 12:05:45.688499, xqcow, mighty_d0n, D:, PRIVMSG
2021-11-08 12:05:45.881279, xqcow, ricefuhrer_, o, PRIVMSG
2021-11-08 12:05:45.881320, xqcow, jimbiann, np :), PRIVMSG
2021-11-08 12:05:45.881331, xqcow, ronindespair, o, PRIVMSG
2021-11-08 12:05:45.881342, xqcow, nitroplus, WutFace, PRIVMSG
2021-11-08 12:05:45.881351, xqcow, lemniarts, xqcMald JUMP!, PRIVMSG
2021-11-08 12:05:45.881360, xqcow, qwerty29_, ITS BECAUSE OF AUTO AIM ASSIST ITS BECAUSE OF AUTO AIM ASSIST ITS BECAUSE OF AUTO AIM ASSIST, PRIVMSG
2021-11-08 12:05:45.881369, xqcow, theaminey, 0, PRIVMSG
2021-11-08 12:05:45.881378, xqcow, athelomeningal, monkaX, PRIVMSG
2021-11-08 12:05:45.881387, xqcow, draggonflame, LUL, PRIVMSG
2021-11-08 12:05:45.881396, xqcow, mokurooo, o, PRIVMSG
2021-11-08 12:05:45.881405, xqcow, vl_nut, O, PRIVMSG
2021-11-08 12:05:45.881414, xqcow, truearc, LUL LUL, PRIVMSG
2021-11-08 12:05:46.098616, xqcow, omdano, TAP AIM, PRIVMSG
2021-11-08 12:05:46.098659, xqcow, ilovebeingagamer, Your saying your only getting kill because of aim assist just means your that bad..., PRIVMSG
2021-11-08 12:05:46.098671, xqcow, xazaroth_, OMEGALUL, PRIVMSG
2021-11-08 12:05:46.317121, xqcow, suparfresh, monkaS, PRIVMSG
2021-11-08 12:05:46.508672, xqcow, inflash404, o, PRIVMSG
2021-11-08 12:05:46.508712, xqcow, charlslessthan3, O, PRIVMSG
2021-11-08 12:05:46.508723, xqcow, gold42k, lmao, PRIVMSG
2021-11-08 12:05:47.481273, xqcow, imzerg36, o, PRIVMSG
2021-11-08 12:05:47.497352, xqcow, fazefadaze, O, PRIVMSG
2021-11-08 12:05:47.497392, xqcow, sneakysquid37, Sadge losing it Sadge losing it, PRIVMSG
2021-11-08 12:05:47.497403, xqcow, yokota777, LUL LUL, PRIVMSG
2021-11-08 12:05:47.497414, xqcow, xmebutt1, CONTROLLER IS BROKEN Copege CONTROLLER IS BROKEN Copege CONTROLLER IS BROKEN Copege CONTROLLER IS BROKEN Copege CONTROLLER IS BROKEN Copege, PRIVMSG
2021-11-08 12:05:47.497424, xqcow, chevenitsu, !#showemote xqcCheer, PRIVMSG
2021-11-08 12:05:47.497433, xqcow, shalerr, O, PRIVMSG
2021-11-08 12:05:47.497459, xqcow, justmark22, o, PRIVMSG
2021-11-08 12:05:47.497468, xqcow, 3hundredhours, TIMING OMEGALUL, PRIVMSG
2021-11-08 12:05:47.497477, xqcow, omnyaxle, xqcLL, PRIVMSG
2021-11-08 12:05:47.497487, xqcow, jeff_bezos_the_juicer, xqcMald, PRIVMSG
2021-11-08 12:05:47.497496, xqcow, mattonixtv, o, PRIVMSG
2021-11-08 12:05:47.497515, xqcow, jagetserdone, o, PRIVMSG
2021-11-08 12:05:47.497524, xqcow, crispy_jimmy__, Play the campaign, PRIVMSG
2021-11-08 12:05:47.497533, xqcow, hellhound1029, o, PRIVMSG
2021-11-08 12:05:47.497542, xqcow, the_real_good_vibes, O, PRIVMSG
2021-11-08 12:05:47.497550, xqcow, davemoscato, xqcCheer xqcDisco xqcAbdul xqcDisco xqcChe, PRIVMSG
2021-11-08 12:05:47.669233, xqcow, ip0g, Clueless, PRIVMSG
2021-11-08 12:05:47.669265, xqcow, mrpopper12x, ðŸ’¥, PRIVMSG
2021-11-08 12:05:47.669282, xqcow, shark_39, monkaW, PRIVMSG
2021-11-08 12:05:47.669296, xqcow, blackandgoldsteelers, LUL, PRIVMSG
2021-11-08 12:05:47.669309, xqcow, psysd, o, PRIVMSG
2021-11-08 12:05:47.669321, xqcow, bryg05, !#showemote  lysWiggle, PRIVMSG
2021-11-08 12:05:47.669330, xqcow, bousorl, N OMEGALUL, PRIVMSG
2021-11-08 12:05:47.855604, xqcow, truthtoblame, so much for aim assist, PRIVMSG
2021-11-08 12:05:47.855643, xqcow, dutylegentil, WutFace, PRIVMSG
2021-11-08 12:05:48.048288, xqcow, reuelrockstar123, o, PRIVMSG
2021-11-08 12:05:48.048324, xqcow, fazefadaze, o, PRIVMSG
2021-11-08 12:05:48.048338, xqcow, chamborals, xqcCheer WOOP WOOP, PRIVMSG
2021-11-08 12:05:48.336250, xqcow, hyemhy3m, OMEGALUL SO BAD, PRIVMSG
2021-11-08 12:05:48.530662, xqcow, epicxd_, Boom, PRIVMSG
2021-11-08 12:05:48.530701, xqcow, wholewheattortilla, Tacos huh, PRIVMSG
2021-11-08 12:05:48.739656, xqcow, stargeant_, xqcFace xqcFace xqcFace, PRIVMSG
2021-11-08 12:05:48.950145, xqcow, nashor, bum, PRIVMSG
2021-11-08 12:05:48.950182, xqcow, zeusfeedz, xqcKek, PRIVMSG
2021-11-08 12:05:49.161986, xqcow, xtachiw, 1 thumb OMEGALUL OMEGALUL, PRIVMSG
2021-11-08 12:05:49.359467, xqcow, kukucrie, o, PRIVMSG
2021-11-08 12:05:49.553382, xqcow, rylzi, xqcMald, PRIVMSG
2021-11-08 12:05:49.553421, xqcow, cpojoga3, LULW COMPLAINING AT A CONTROLLER BASED GAME LULW COMPLAINING AT A CONTROLLER BASED GAME LULW COMPLAINING AT A CONTROLLER BASED GAME, PRIVMSG
2021-11-08 12:05:49.553433, xqcow, brashcoyote, xqcCheer, PRIVMSG
2021-11-08 12:05:49.770270, xqcow, crispfriedpunches, trash, PRIVMSG
2021-11-08 12:05:49.770314, xqcow, gold42k, lolollo, PRIVMSG
2021-11-08 12:05:49.770324, xqcow, carrer0001, lmao, PRIVMSG
2021-11-08 12:05:50.078305, xqcow, trickerd7, o, PRIVMSG
2021-11-08 12:05:50.501435, xqcow, luisdrufi, xqcMald JUMP, PRIVMSG
2021-11-08 12:05:50.691013, xqcow, shark_39, LULW, PRIVMSG
2021-11-08 12:05:50.691054, xqcow, chevenitsu, !#showemote xqcCheer ó €€, PRIVMSG
2021-11-08 12:05:50.691069, xqcow, a1ekcy, monkaW, PRIVMSG
2021-11-08 12:05:50.691080, xqcow, zumer99, xqcMALD, PRIVMSG
2021-11-08 12:05:50.879771, xqcow, eliminar__, SO BAD OMEGALUL ó €€, PRIVMSG
2021-11-08 12:05:50.879806, xqcow, dmtwow, O, PRIVMSG
2021-11-08 12:05:51.075729, xqcow, killua788, WutFace ?, PRIVMSG
2021-11-08 12:05:51.075767, xqcow, fazefadaze, oo, PRIVMSG
2021-11-08 12:05:51.266491, xqcow, milar98, O, PRIVMSG
2021-11-08 12:05:51.456649, xqcow, dissimilate_, xqcCheer xqcCheer xqcCheer xqcCheer xqcCheer xqcCheer xqcCheer xqcCheer xqcCheer xqcCheer xqcCheer, PRIVMSG
2021-11-08 12:05:51.646926, xqcow, aura_z_, WutFace, PRIVMSG
2021-11-08 12:05:51.646964, xqcow, mighty_d0n, PogU, PRIVMSG
2021-11-08 12:05:51.868615, xqcow, reuelrockstar123, boom, PRIVMSG
2021-11-08 12:05:52.057378, xqcow, omdano, TAP THE AIM FOR MAX AIMBOT @xQcOW, PRIVMSG
2021-11-08 12:05:52.057416, xqcow, co2ine, xqcCheer you're so bad xqcow, PRIVMSG
2021-11-08 12:05:52.246404, xqcow, fazefadaze, ooo, PRIVMSG
2021-11-08 12:05:52.442707, xqcow, forgettrance, WutFace, PRIVMSG
2021-11-08 12:05:52.635193, xqcow, dravrios, o, PRIVMSG
2021-11-08 12:05:52.635233, xqcow, koyoshii, monkaW, PRIVMSG
2021-11-08 12:10:01.994652, xqcow, red_blade9, xqcLL my doggie, PRIVMSG
2021-11-08 12:10:01.994661, xqcow, noobfredo, WeirdChamp WTF, PRIVMSG
2021-11-08 12:10:02.528083, xqcow, saleman_97, OMEGHALUL, PRIVMSG
2021-11-08 12:10:02.724295, xqcow, pranayyy, ur content is 100% complaining, PRIVMSG
2021-11-08 12:10:02.724333, xqcow, autistic_canadian, COD is bad since at least 2010, PRIVMSG
2021-11-08 12:10:02.724362, xqcow, ilovebeingagamer, R really LUL, PRIVMSG
2021-11-08 12:10:02.724373, xqcow, gurtgurtgurt1, Wowee, PRIVMSG
2021-11-08 12:10:02.724382, xqcow, monkqs, FeelsWeirdMan  @xqcow, PRIVMSG
2021-11-08 12:10:02.724391, xqcow, hyemhy3m, WeirdChamp WE WILL REMEMBER, PRIVMSG
2021-11-08 12:10:02.724400, xqcow, gigsy_, WAYTOODANK every single spawn WAYTOODANK every single spawn WAYTOODANK every single spawn WAYTOODANK every single spawn, PRIVMSG
2021-11-08 12:10:02.724410, xqcow, elbasuraz, LUL LUL LUL, PRIVMSG
2021-11-08 12:10:02.724418, xqcow, styrax__, WeirdChamp WeirdChamp, PRIVMSG
2021-11-08 12:10:02.912403, xqcow, onlyalonelywanderer, Complainer Andy OMEGALUL, PRIVMSG
2021-11-08 12:10:03.152910, xqcow, bblessedcrust, I FORGOR OkayChamp, PRIVMSG
2021-11-08 12:10:03.339174, xqcow, xdivinegoldfish, Wowee â£, PRIVMSG
2021-11-08 12:10:03.339219, xqcow, hotzin, W OMEGALUL W, PRIVMSG
2021-11-08 12:10:03.339232, xqcow, thewithard, WeirdChamp i remember tundra, PRIVMSG
2021-11-08 12:10:03.527800, xqcow, eliminar__, wow ó €€, PRIVMSG
2021-11-08 12:10:03.527832, xqcow, monkqs, FeelsWeirdMan @xqcow, PRIVMSG
2021-11-08 12:10:03.527842, xqcow, xorexkz, WeirdChamp WE WILL REMEMBER WeirdChamp WE WILL REMEMBER WeirdChamp WE WILL REMEMBER WeirdChamp WE WILL REMEMBER WeirdChamp WE WILL REMEMBER WeirdChamp WE WILL REMEMBER WeirdChamp WE WILL REMEMBER WeirdChamp WE WILL REMEMBER WeirdChamp WE WILL REMEMBER, PRIVMSG
2021-11-08 12:10:03.527849, xqcow, hsingh60, Dog hit spawns lmao, PRIVMSG
2021-11-08 12:10:03.712420, xqcow, autrayjones, OMEGALUL, PRIVMSG
2021-11-08 12:10:03.712458, xqcow, ferventcz, PepegaBlind OMEGALUL, PRIVMSG
2021-11-08 12:10:03.712470, xqcow, chevenitsu, !#showemote xqcTL, PRIVMSG
2021-11-08 12:10:03.712479, xqcow, mighty_d0n, WeirdChamp, PRIVMSG
2021-11-08 12:10:03.898043, xqcow, uncool1231, True, PRIVMSG
2021-11-08 12:10:03.898082, xqcow, t_gunz_, THIS GAME IS ASS OMEGALUL, PRIVMSG
2021-11-08 12:10:04.192736, xqcow, bianca___, xqcL, PRIVMSG
2021-11-08 12:10:04.380926, xqcow, navideogame, lol, PRIVMSG
2021-11-08 12:10:04.380963, xqcow, coldblackice, CAN'T BREATHE LMFAOOOOOOOOO, PRIVMSG
2021-11-08 12:10:04.380975, xqcow, forgettrance, EVERY GAME WeirdChamp, PRIVMSG
2021-11-08 12:10:04.616484, xqcow, monkqs, FeelsWeirdMan  @xqcow, PRIVMSG
2021-11-08 12:10:04.934614, xqcow, tunafish33, D: TOO FAR D: TOO FAR D: TOO FAR D: TOO FAR, PRIVMSG
2021-11-08 12:10:05.120492, xqcow, monoart_, WeirdChamp, PRIVMSG
2021-11-08 12:10:05.306227, xqcow, aeziy_, WeirdChamp Dog killer, PRIVMSG
2021-11-08 12:10:05.306284, xqcow, thecrashoveride, deathmatch, PRIVMSG
2021-11-08 12:10:05.306297, xqcow, niiro_o, W OMEGALUL W, PRIVMSG
2021-11-08 12:10:05.648993, xqcow, bobaone, xqcLL, PRIVMSG
2021-11-08 12:10:05.838527, xqcow, vbenihanas, DOGS TTK LONGER THAN PLAYER DOGS TTK LONGER THAN PLAYER DOGS TTK LONGER THAN PLAYER, PRIVMSG
2021-11-08 12:10:05.838565, xqcow, monkqs, FeelsWeirdMan @xqcow, PRIVMSG
2021-11-08 12:10:05.838577, xqcow, grimace29, trust me we are thinking the same thing this game is cheeks, PRIVMSG
2021-11-08 12:10:05.838589, xqcow, 1taro2, D:, PRIVMSG
2021-11-08 12:10:05.838598, xqcow, whidex, @MightyOaks elisWiggle ., PRIVMSG
2021-11-08 12:10:06.164148, xqcow, euzxh, ðŸ˜‚ðŸ˜‚ðŸ˜‚ðŸ˜‚, PRIVMSG
2021-11-08 12:10:06.359006, xqcow, cmonbruh_420, D:, PRIVMSG
2021-11-08 12:10:06.359043, xqcow, chevenitsu, !#showemote xqcTL ó €€, PRIVMSG
2021-11-08 12:10:06.359057, xqcow, delyan5, I wish I was a dog and could tank 20 bullets b4 i die lmao, PRIVMSG
2021-11-08 12:10:06.545615, xqcow, goinuptown, D: STOP, PRIVMSG
2021-11-08 12:10:06.545652, xqcow, sneakysquid37, Sadge LOSING IT Sadge LOSING IT, PRIVMSG
2021-11-08 12:10:06.743171, xqcow, aura_z_, widepeepoSad STOP WTF, PRIVMSG
2021-11-08 12:10:06.743210, xqcow, rn_gamer89, D:, PRIVMSG
2021-11-08 12:10:06.933815, xqcow, cyantists, so much smoke, PRIVMSG
2021-11-08 12:10:06.933840, xqcow, uknowthefknvibez, Pog WaW MAP Pog WaW MAP Pog WaW MAP Pog WaW MAP Pog WaW MAP Pog WaW MAP Pog WaW MAP Pog WaW MAP Pog WaW MAP Pog WaW MAP Pog WaW MAP, PRIVMSG
2021-11-08 12:10:06.933849, xqcow, dankodisco, d:, PRIVMSG
2021-11-08 12:10:06.933854, xqcow, frootsaladass, WeirdChamp I REMEMBER, PRIVMSG
2021-11-08 12:10:06.933868, xqcow, monkqs, FeelsWeirdMan  @xqcow, PRIVMSG
2021-11-08 12:10:07.138924, xqcow, uwugabooga, modCheck VOICE CHAT?, PRIVMSG
2021-11-08 12:10:07.138952, xqcow, pineapplejuices, FrankerZ, PRIVMSG
2021-11-08 12:10:07.138960, xqcow, hasraben, GASSSSPPPPPPPPPPPP, PRIVMSG
2021-11-08 12:10:07.138966, xqcow, reuelrockstar123, SOMEONE CHECK HIS CONTROLLER HOLY PogU, PRIVMSG
2021-11-08 12:10:07.327227, xqcow, niiro_o, D:, PRIVMSG
2021-11-08 12:10:07.511943, xqcow, anthonypmc, WeirdChamp DOG KILLER, PRIVMSG
2021-11-08 12:10:07.511985, xqcow, balxpjd, D:, PRIVMSG
2021-11-08 12:10:07.699012, xqcow, criptaike, OMEGALUL, PRIVMSG
2021-11-08 12:10:07.699050, xqcow, large_bag_of_chips, OhMyDog, PRIVMSG
2021-11-08 12:10:07.900201, xqcow, oogaballooga, D:, PRIVMSG
2021-11-08 12:10:07.900237, xqcow, avven_, xqcLL, PRIVMSG
2021-11-08 12:10:07.900250, xqcow, agent_m007, D: D: D:, PRIVMSG
2021-11-08 12:10:07.900260, xqcow, annsswer, WAYTOODANK, PRIVMSG
2021-11-08 12:10:07.900269, xqcow, traktorq, D:, PRIVMSG
2021-11-08 12:10:07.900281, xqcow, goinuptown, D: STOP ó €€, PRIVMSG
2021-11-08 12:10:08.132238, xqcow, monkqs, FeelsWeirdMan @xqcow, PRIVMSG
2021-11-08 12:10:08.132293, xqcow, mechanicalpotato, W OMEGALUL W, PRIVMSG
2021-11-08 12:10:08.132305, xqcow, misterdwx, WeirdChamp I REMEMBER, PRIVMSG
2021-11-08 12:10:08.132314, xqcow, jxmbei, W OMEGALUL W, PRIVMSG
2021-11-08 12:10:08.132324, xqcow, velgrind, W OMEGALUL W, PRIVMSG
2021-11-08 12:10:08.132335, xqcow, x0_kyler_0x, D:, PRIVMSG
2021-11-08 12:10:08.132346, xqcow, firetacker, W OMEGALUL W, PRIVMSG
2021-11-08 12:10:08.329651, xqcow, oh_craft, D:, PRIVMSG
2021-11-08 12:10:08.329691, xqcow, drakthaar123, Boycott this shit, PRIVMSG
2021-11-08 12:10:08.329702, xqcow, peniparker, WTF, PRIVMSG
2021-11-08 12:10:08.329712, xqcow, spoooderman35, xqcPeepo WOW, PRIVMSG
2021-11-08 12:10:08.329721, xqcow, walruse05, xqcBless, PRIVMSG
2021-11-08 12:10:08.329730, xqcow, michw1, asleepyHYPERS, PRIVMSG
2021-11-08 12:10:08.329739, xqcow, forsaaaaancd, WeirdChamp I REMEBE, PRIVMSG
2021-11-08 12:10:08.538262, xqcow, thiccboiinoodles, D:, PRIVMSG
2021-11-08 12:10:08.538298, xqcow, carryal0t, D: STOP, PRIVMSG
2021-11-08 12:10:08.727990, xqcow, davemoscato, xqcCheer xqcL xqcCheer xqcL xqcCheer xqcL xqcCheer xqcL xqcCheer xqcL xqcDisco xqcDisco xqcDisco, PRIVMSG
2021-11-08 12:10:08.728027, xqcow, frootsaladass, WeirdChamp I REMEMBER WeirdChamp I REMEMBER, PRIVMSG
2021-11-08 12:10:08.728040, xqcow, yandere_05, D:, PRIVMSG
2021-11-08 12:10:08.728051, xqcow, rektbud, AHHAHAHAHAHA, PRIVMSG
2021-11-08 12:10:08.728061, xqcow, mcfigon, D:, PRIVMSG
2021-11-08 12:10:08.728070, xqcow, ah4700, D:, PRIVMSG
2021-11-08 12:10:08.916310, xqcow, pollos3, AGAIN>>>>?????, PRIVMSG
2021-11-08 12:10:08.916334, xqcow, chamborals, w OMEGALUL w, PRIVMSG
2021-11-08 12:10:08.916342, xqcow, murderer3r, doggo D:, PRIVMSG
2021-11-08 12:10:08.916348, xqcow, domistakenbyarandom, D:, PRIVMSG
2021-11-08 12:10:09.102669, xqcow, mrpopper12x, D:, PRIVMSG
2021-11-08 12:10:10.359556, xqcow, kukucrie, D:, PRIVMSG
2021-11-08 12:10:10.547217, xqcow, hetmannetje4343, D:, PRIVMSG
2021-11-08 12:10:10.547254, xqcow, caramelldansen1, D:, PRIVMSG
2021-11-08 12:10:10.741823, xqcow, carryal0t, STOP WeirdChamp, PRIVMSG
2021-11-08 12:10:10.741860, xqcow, beeflightningmcqueen, R OMEGALUL LLED, PRIVMSG
2021-11-08 12:10:10.741888, xqcow, peniparker, STOPPP, PRIVMSG
2021-11-08 12:10:10.741902, xqcow, notswxen, D: D:, PRIVMSG
2021-11-08 12:10:10.741912, xqcow, hyemhy3m, D: STOP, PRIVMSG
2021-11-08 12:10:10.741922, xqcow, kelp_shake_from_spongebob, D:, PRIVMSG
2021-11-08 12:10:10.742047, xqcow, mass_panick, PROGRESSIVE GAMING LULW PROGRESSIVE GAMING LULW PROGRESSIVE GAMING LULW PROGRESSIVE GAMING LULW, PRIVMSG
2021-11-08 12:10:10.946212, xqcow, quinntecha, D: STOP, PRIVMSG
2021-11-08 12:10:10.946236, xqcow, fatalix57, WeirdChamp WE WILL REMEMBER, PRIVMSG
2021-11-08 12:10:10.946242, xqcow, thenamescheeze, W OMEGALUL W, PRIVMSG
2021-11-08 12:10:10.946248, xqcow, kyliedman, WeirdChamp WE WILL REMEMBER WeirdChamp WE WILL REMEMBER WeirdChamp WE WILL REMEMBER WeirdChamp WE WILL REMEMBER WeirdChamp WE WILL REMEMBER WeirdChamp WE WILL REMEMBER WeirdChamp WE WILL REMEMBER WeirdChamp WE WILL REMEMBER WeirdChamp WE WILL REMEMBER, PRIVMSG
2021-11-08 12:10:10.946263, xqcow, velgrind, D:, PRIVMSG
2021-11-08 12:10:11.135966, xqcow, cardinalwolf69, D:, PRIVMSG
2021-11-08 12:10:11.322762, xqcow, xmebutt1, CONTROLLER IS BROKEN Copege CONTROLLER IS BROKEN Copege CONTROLLER IS BROKEN Copege CONTROLLER IS BROKEN Copege CONTROLLER IS BROKEN Copege CONTROLLER IS BROKEN Copege CONTROLLER IS BROKEN Copege CONTROLLER IS BROKEN Copege, PRIVMSG
2021-11-08 12:10:11.322837, xqcow, asaad_9, OMEGALUL aim, PRIVMSG
2021-11-08 12:10:11.322852, xqcow, soz_bitys, D: D:, PRIVMSG
2021-11-08 12:10:11.322862, xqcow, corrosivejake_, WeirdChamp TUNDRA, PRIVMSG
2021-11-08 12:10:11.322874, xqcow, kiwi_chips, xqcT ó €€, PRIVMSG
2021-11-08 12:10:11.508416, xqcow, xoosterr, PepegaAim ó €€, PRIVMSG
2021-11-08 12:10:11.508458, xqcow, jxmbei, D:, PRIVMSG
2021-11-08 12:10:11.508470, xqcow, tommy_v1, D:, PRIVMSG
2021-11-08 12:10:11.508480, xqcow, reuelrockstar123, D:, PRIVMSG
2021-11-08 12:10:11.508490, xqcow, n_otdimension, OkayChamp chat what happened i dont rember, PRIVMSG
2021-11-08 12:10:11.508501, xqcow, imbarc0de, OMEGALUL ó €€, PRIVMSG
2021-11-08 12:10:11.508511, xqcow, exousia_alt, D:, PRIVMSG
2021-11-08 12:10:11.508520, xqcow, dankodisco, D:, PRIVMSG
2021-11-08 12:10:11.694631, xqcow, okaybuddy24, AIM OMEGALUL, PRIVMSG
2021-11-08 12:10:11.694668, xqcow, elix_r, ???????, PRIVMSG
2021-11-08 12:10:11.694682, xqcow, mrpopper12x, D: PETA, PRIVMSG
2021-11-08 12:10:11.694691, xqcow, harvzz, LULW, PRIVMSG
2021-11-08 12:10:11.897529, xqcow, frozenspray, STOP PETA D:, PRIVMSG
2021-11-08 12:10:11.897566, xqcow, rickyslickysavvy, D:, PRIVMSG
2021-11-08 12:10:12.083316, xqcow, fortunexb, OMEGALUL, PRIVMSG
2021-11-08 12:10:12.083355, xqcow, aynge, OMEGALUL, PRIVMSG
2021-11-08 12:10:12.083366, xqcow, mechanicalpotato, PepegaAim, PRIVMSG
2021-11-08 12:10:13.397104, xqcow, mattg423, KARMA, PRIVMSG
2021-11-08 12:10:13.585934, xqcow, peniparker, STOPPPPPPPPPPP, PRIVMSG
2021-11-08 12:10:13.585972, xqcow, mass_panick, PROGRESSIVE GAMING LULW PROGRESSIVE GAMING LULW, PRIVMSG
2021-11-08 12:10:13.773158, xqcow, pollos3, ARE U SRS LUL, PRIVMSG
2021-11-08 12:10:13.773184, xqcow, xise_tswizzel, D: D:, PRIVMSG
2021-11-08 12:10:13.773191, xqcow, neonreas, OMEGALUL, PRIVMSG
2021-11-08 12:10:13.773196, xqcow, hecticbelike, D:, PRIVMSG
2021-11-08 12:10:13.773202, xqcow, vaedrath_, DOG TAKES MORE BULLETS THAN PEOPLE OMEGALUL DOG TAKES MORE BULLETS THAN PEOPLE OMEGALUL, PRIVMSG
2021-11-08 12:10:13.972894, xqcow, kalie_27, LUL, PRIVMSG
2021-11-08 12:10:13.972935, xqcow, vanishedsimp, D:, PRIVMSG
2021-11-08 12:10:14.162650, xqcow, thediamondpro44, MY MAN MEGALUL KILL MORE DOGSMY MAN MEGALUL KILL MORE DOGSMY MAN MEGALUL KILL MORE DOGSMY MAN MEGALUL KILL MORE DOGSMY MAN MEGALUL KILL MORE DOGSMY MAN MEGALUL KILL MORE DOGSMY MAN MEGALUL KILL MORE DOGSMY MAN MEGALUL KILL MORE DOGSMY MAN MEGALUL KILL MORE DOGSMY MAN MEGALUL KILL MORE DOGSMY MAN MEGALUL KILL MORE DOGSMY MAN MEGALUL KILL MORE DOGSMY MAN MEGALUL KILL MORE DOGS, PRIVMSG
2021-11-08 12:10:14.162681, xqcow, spaggeti101, go on mouse and keyboard this aim ain't it, PRIVMSG
2021-11-08 12:10:14.162691, xqcow, igarros, D: stop, PRIVMSG
2021-11-08 12:10:14.162699, xqcow, balxpjd, DESERVED, PRIVMSG
2021-11-08 12:10:14.348916, xqcow, wizzy85, OMEGALUL, PRIVMSG
2021-11-08 12:10:14.348944, xqcow, furqanriaz, skelth alteCry, PRIVMSG
2021-11-08 12:10:14.348953, xqcow, wusiii, dog has 3000hp, PRIVMSG
2021-11-08 12:10:14.348961, xqcow, t7meelh, Ù†Ø´Ù‚Ø©Ø´, PRIVMSG
2021-11-08 12:10:14.538586, xqcow, adam7600, D: PETA, PRIVMSG
2021-11-08 12:10:14.538613, xqcow, zibz_, PagMan, PRIVMSG
2021-11-08 12:10:14.538622, xqcow, palladium_oxidized, D:, PRIVMSG
2021-11-08 12:10:14.538630, xqcow, arvinbijan, LULW, PRIVMSG
2021-11-08 12:10:14.538636, xqcow, uwugysel, D: bro, PRIVMSG
2021-11-08 12:10:14.538643, xqcow, tanzooom, forsenBB, PRIVMSG
2021-11-08 12:10:14.538649, xqcow, koyoshii, xqcScoots, PRIVMSG
2021-11-08 12:10:14.538656, xqcow, ketamining, D:, PRIVMSG
2021-11-08 12:10:14.538662, xqcow, stiffbox79, pepegaAim, PRIVMSG
2021-11-08 12:10:14.724405, xqcow, xorexkz, WeirdChamp WE WILL REMEMBER WeirdChamp WE WILL REMEMBER WeirdChamp WE WILL REMEMBER WeirdChamp WE WILL REMEMBER WeirdChamp WE WILL REMEMBER WeirdChamp WE WILL REMEMBER WeirdChamp WE WILL REMEMBER WeirdChamp WE WILL REMEMBER WeirdChamp WE WILL REMEMBER WeirdChamp WE WILL REMEMBER, PRIVMSG
2021-11-08 12:10:14.724443, xqcow, bxrchampion, LOOOOOOOOOOOL, PRIVMSG
2021-11-08 12:10:14.724456, xqcow, autrayjones, OMEGALUL ó €€, PRIVMSG
2021-11-08 12:10:14.724468, xqcow, hawxnyte, OMEGALUL KARMA, PRIVMSG
2021-11-08 12:10:14.724478, xqcow, bandit_with_c4, WeirdChamp WE WILL REMEMBER WeirdChamp WE WILL REMEMBER WeirdChamp WE WILL REMEMBER WeirdChamp WE WILL REMEMBER WeirdChamp WE WILL REMEMBER WeirdChamp WE WILL REMEMBER WeirdChamp WE WILL REMEMBER WeirdChamp WE WILL REMEMBER WeirdChamp WE WILL REMEMBER, PRIVMSG
